Workbook

Sheet Summary
A1: Facility
A2: Address
A3: Assessor
A4: Date of visit
A5: Assessor has an interest in the facility?
A7: PART A: MINIMUMS
A8: Met | B8: =COUNTIF('A Minimums'!C2:C19,"Yes")
A9: Not met or not yet checked | B9: =18-B8
A10: Joins the network? | B10: =IF(B8=18,"Yes","No")
A12: PART B: DOMAIN SCORES | B12: Score | C12: Per cent
A13: B1 Leadership and governance | B13: =SUM('B Scored'!C2:C6)&" / 10" | C13: =SUM('B Scored'!C2:C6)/10
A14: B2 Theatre and equipment | B14: =SUM('B Scored'!C7:C12)&" / 12" | C14: =SUM('B Scored'!C7:C12)/12
A15: B3 Anaesthesia | B15: =SUM('B Scored'!C13:C18)&" / 12" | C15: =SUM('B Scored'!C13:C18)/12
A16: B4 Infection prevention | B16: =SUM('B Scored'!C19:C23)&" / 10" | C16: =SUM('B Scored'!C19:C23)/10
A17: B5 Recovery, ward and escalation | B17: =SUM('B Scored'!C24:C29)&" / 12" | C17: =SUM('B Scored'!C24:C29)/12
A18: B6 Patient safety and records | B18: =SUM('B Scored'!C30:C34)&" / 10" | C18: =SUM('B Scored'!C30:C34)/10
A19: B7 Staffing and credentialing | B19: =SUM('B Scored'!C35:C38)&" / 8" | C19: =SUM('B Scored'!C35:C38)/8
A20: B8 Support services | B20: =SUM('B Scored'!C39:C43)&" / 10" | C20: =SUM('B Scored'!C39:C43)/10
A21: B9 Patient experience and outcomes | B21: =SUM('B Scored'!C44:C47)&" / 8" | C21: =SUM('B Scored'!C44:C47)/8
A22: Overall | B22: =SUM('B Scored'!C2:C47)&" / 92" | C22: =SUM('B Scored'!C2:C47)/92
A23: Lowest domain | C23: =MIN(C13:C21)
A24: Items not yet scored | B24: =COUNTBLANK('B Scored'!C2:C47)
A26: SURGICAL TIER | B26: =IF(B10<>"Yes","None: a minimum is not met",IF(B24>0,"Incomplete: score every item",IF(AND(C22>=0.8,C23>=0.7,COUNTIFS('C Tier items'!B2:B8,2,'C Tier items'!D2:D8,"Yes")=2,COUNTIFS('C Tier items'!B2:B8,3,'C Tier items'!D2:D8,"Yes")=5),"Tier 3: Major and implant",IF(AND(C22>=0.7,C23>=0.6,COUNTIFS('C Tier items'!B2:B8,2,'C Tier items'!D2:D8,"Yes")=2),"Tier 2: Inpatient",IF(AND(C22>=0.6,C23>=0.5),"Tier 1: Day case","Not approved for surgery")))))
A27: May host consultations | B27: =IF(B10="Yes","Yes","No")
A29: Fill the yellow cells on each sheet. Score 0 not in place, 1 in place but not consistent or not documented, 2 documented and consistently followed.

Sheet A Minimums
A1: Ref | B1: Minimum requirement | C1: Met? | D1: Evidence seen | E1: Note
A2: A1 | B2: State registration for private health establishments, for the services provided
A3: A2 | B3: Medical director of record with full, current MDCN registration and licence
A4: A3 | B4: Pharmacy (PCN) and laboratory (MLSCN) registered, or written arrangement with registered providers
A5: A4 | B5: NNRA licence where X-ray or C-arm is used
A6: A5 | B6: Public liability insurance; every clinician holds indemnity cover
A7: A6 | B7: WHO Surgical Safety Checklist used for every operation and retained
A8: A7 | B8: Pulse oximetry, BP and ECG for every anaesthetic or sedation; capnography with any airway device
A9: A8 | B9: Trained anaesthesia provider present throughout every GA or regional
A10: A9 | B10: Resuscitation trolley with defibrillator, checked daily, at every theatre and recovery area
A11: A10 | B11: Oxygen with documented reserve, and suction, at every theatre and recovery bed
A12: A11 | B12: Generator with automatic changeover plus battery backup for theatre monitors and lights
A13: A12 | B13: Validated steam autoclave with cycle log and chemical and biological indicators
... A19: A18 | B19: Current fire safety certificate, exits and fire equipment signed off

Sheet B Scored
A1: Domain | B1: Item | C1: Score 0-2 | D1: Evidence seen | E1: Note
A2: B1 Leadership and governance | B2: Clinical governance meeting held and minuted
A3: B1 Leadership and governance | B3: Incident reporting system in use
A4: B1 Leadership and governance | B4: Incidents reviewed, with actions followed up
A5: B1 Leadership and governance | B5: Complaints logged and answered
A6: B1 Leadership and governance | B6: Policies in date
A7: B2 Theatre and equipment | B7: Theatre condition and air handling
A8: B2 Theatre and equipment | B8: Operating table
A9: B2 Theatre and equipment | B9: Theatre lights
A10: B2 Theatre and equipment | B10: Diathermy
A11: B2 Theatre and equipment | B11: Equipment maintenance and calibration records
A12: B2 Theatre and equipment | B12: Instrument sets complete for the procedures sought
A13: B3 Anaesthesia | B13: Anaesthetic machine checked before each list
... A47: B9 Patient experience and outcomes | B47: Ready to record Mezo outcome measures

Sheet C Tier items
A1: Ref | B1: Tier | C1: Item | D1: Met? | E1: Note
A2: T2a | B2: 2 | C2: Ward with 24-hour nursing and an on-call doctor
A3: T2b | B3: 2 | C3: Blood available within one hour
A4: T3a | B4: 3 | C4: High dependency beds on site
A5: T3b | B5: 3 | C5: Intensive care on site or within 30 minutes by written agreement
A6: T3c | B6: 3 | C6: Blood on site
A7: T3d | B7: 3 | C7: Ultraclean air, or a documented surgical site infection rate, for implant work
A8: T3e | B8: 3 | C8: Image intensifier where the approved procedures need it
